word,trans,exp,level,memory,modify,pron,filelink
"a","〈接尾辞〉 ～しろ・命令","【語法】 動詞に後置して～しろという強制の意思を表す。
【造語】 (de)新辞書移行以前",0,0,0,""
"ain","〈接尾辞〉 ～る・動詞化","【語法】 名詞や形容詞に後置し、動詞とする。
【造語】 (de)新辞書移行以前",0,0,0,""
"akt","〈接尾辞〉 ～しろ・命令","【語法】 動詞に後置して～しろという強制の意思を表す。aよりも強い。
【造語】 (de)新辞書移行以前",0,0,0,""
"bef","〈動詞〉 ～しそう・未然の活用","【語法】 動詞に後置して～しそうということをあらわす、もうじき～が始まるとも訳す。[例:wog-bef 動きだしそうだ・もう動くぞ]
[例:suoh-i'r-bef-or やめたくなるだろう]
【造語】 (de)新辞書移行以前",0,0,0,""
"ea","〈接尾辞〉 ～ない・否定の活用
〈感嘆詞〉 ちがう","【語法】 動詞や名詞に後置して意味を反転させる、
【造語】 (de)新辞書移行以前
cf:〈派生〉 onea, isea",0,0,0,""
"ein","","【訳語】
~するな・禁止の活用
【用例】 【活用】強い禁止の意 (de)",0,0,0,""
"ek","〈接尾辞〉 ～る・自動詞化","【語法】 動詞に後置して自動詞に変える。 
【造語】 (de)新辞書移行以前",0,0,0,""
"el","〈接尾辞〉 ～される・受動・受身","【語法】 動詞に後置し、主語が目的語に動詞されたをあらわす。
【造語】 (de)h291215",0,0,0,""
"em","〈接尾辞〉 ～し始める・開始","【語法】 動詞に後置して”～し始めている”・”～するのがが始まった”と成す。
【造語】 (de)新辞書移行以前",0,0,0,""
"es","","【訳語】
～したことがある・経験の活用
【用例】 【活用】英語で言うhave文に似た役割を持つ。 (de)",0,0,0,""
"est","〈接尾辞〉 ～してくれ・依頼","【語法】 ～してもらうという受益の意味にもなる。
【造語】 (de)新辞書移行以前",0,0,0,""
"ink","〈接尾辞〉 ～する事・動名詞
〈接尾辞〉 ～す・動形容詞","【造語】 (de)新辞書移行以前
cf:〈似義〉 aj",0,0,0,""
"iq","〈接尾辞〉 ～だった・過去","【語法】 iniとも書く(主に古風)、動詞や名詞に後置して過去時制を表す。
【造語】 (de)新辞書移行以前
cf: akku",0,0,0,""
"is","〈接尾辞〉 ～しよう・勧誘","【語法】 動詞に後置し誘う意思を表す。[例:wog-is. 動かそう]
【造語】 (de)新辞書移行以前",0,0,0,""
"jir","〈接尾辞〉 ～のような・装飾・形容詞化
〈接尾辞〉 ～らしい","【語法】 名詞や動詞に後置し形容詞化する。
【造語】 (de)新辞書移行以前",0,0,0,""
"Kr","","【訳語】
～の持つ・所有の活用
【用例】 【活用】karとも発音する、名詞に後置し～の持つ～の形にする。 (de)",0,0,0,""
"ly","〈接尾辞〉 ～した・～しきる・完了","【語法】 動詞に後置し完了形にする、終わらせるという動詞にも使う
【造語】 (de)h291109",0,0,0,""
"on","","【訳語】
～できる・可能の活用
【用例】 【活用】動詞に後置して～が可能であるということを示す。 (de)
cf:〈派生〉 onea",0,0,0,""
"pa","〈接尾辞〉 ～達・複数形","【造語】 (de)新辞書移行以前",0,0,0,""
"uks","","【訳語】
～の・名詞化の活用
【用例】 【活用】 (de)",0,0,0,""
"uR","〈接尾辞〉 ～している・進行","【造語】 (de)新辞書移行以前",0,0,0,""
"uxxe","〈接尾辞〉 ～す・未来","【語法】 確信的な未来・予定された未来を指す。予想はまた別の単語。
【造語】 (de)新辞書移行以前
cf:〈似義〉 or",0,0,0,""
"xel","〈接尾辞〉 ～するべき・義務","【造語】 (de)新辞書移行以前",0,0,0,""
"yur","〈動詞〉 ～っていく・緩い進行の活用","【語法】 徐々にＶっていく、時間のかかる開始で、その最中。[例:wog-yur 動きだしゆく]
【造語】 (de)新辞書移行以前",0,0,0,""
"i'r","〈接尾辞〉 ～したい・希望","【造語】 (de)新辞書移行以前
【変更】 h291104 Zir i'r (de)",0,0,0,""
"aldeyn","〈感嘆詞〉 あけおめ・新年のあいさつ","【語法】 本来の形は”aleksKr cykk deyny”となり、意味は”喜ばしいアレクスの日”、元々は元旦を指す言葉ったが、転じて祝う言葉となった。
【造語】 (de)新辞書移行以前",0,0,0,""
"Cao","","【訳語】
シャオ！
【用例】 【感嘆詞】主に他人を誘う時に使う掛け声 (de)",0,0,0,""
"cayna","〈感嘆詞〉 よろしく・初めまして・これからよろしく","【語法】 初対面の相手への自己紹介が終わった時に使う、言われた相手はcaynalと返すのが礼儀。 
【造語】 (de)新辞書移行以前",0,0,0,""
"Cirordo","","【訳語】
さよなら
【用例】 【感嘆詞】 (de)",0,0,0,""
"dag","","【訳語】
(注目を求めるときの)ほら
【用例】 【感嘆詞】 (de)",0,0,0,""
"eriy","","【訳語】
いいえ・no
【用例】 【感嘆詞】 (de)",0,0,0,""
"isea","〈感嘆詞〉 ～したくない
〈動詞〉 望まない","【語法】 何かを誘われたとき、それを断るときに使う。
【造語】 (de)新辞書移行以前
cf:〈派生〉 ea",0,0,0,""
"jeni","","【訳語】
そう・はい・yes
【用例】 【感嘆詞】理解するという動詞にも使う (de)",0,0,0,""
"jeru","","【訳語】
そう・はい・yes
【用例】 【感嘆詞】理解するという動詞にも使う (de)",0,0,0,""
"walfy'ya","〈感嘆詞〉 おはよう","【語法】 主に朝～正午まで用いられる挨拶、地方によるが午後に使うと侮辱になり大変危険
【造語】 (de)新辞書移行以前
【変更】 h291215 walfyYA walfy'ya",0,0,0,""
"cyow","","【訳語】
名称を問う
【用例】 【疑問詞】 (de)",0,0,0,""
"erDi","","【訳語】
目的語を問う
【用例】 【疑問詞】 (de)",0,0,0,""
"felio","","【訳語】
場所を問う
【用例】 【疑問詞】 (de)",0,0,0,""
"hard","〈疑問詞〉 主語を問う・誰が・何が","【造語】 (de)新辞書移行以前",0,0,0,""
"igar","","【訳語】
時制を問う
【用例】 【疑問詞】 (de)",0,0,0,""
"lgy","","【訳語】
数詞を問う
【用例】 【疑問詞】 (de)",0,0,0,""
"tuzi","","【訳語】
形容詞を問う
【用例】 【疑問詞】 (de)",0,0,0,""
"wels","","【訳語】
理由を問う
【用例】 【疑問詞】 (de)",0,0,0,""
"ady","〈形容詞〉 調子の悪い","【造語】 (de)新辞書移行以前",0,0,0,""
"akozitt","〈副詞〉 確かに・間違いなく","【造語】 (de)新辞書移行以前",0,0,0,""
"alekt","〈形容詞〉 ～でない(強い否定)","【造語】 (de)新辞書移行以前",0,0,0,""
"alQe","〈形容詞〉 ありえない","【用例】 (de)新辞書移行以前",0,0,0,""
"arlslen","〈形容詞〉 中級の","【造語】 (le)新辞書移行以前",0,0,0,""
"beanik","","【訳語】
汚い
【用例】 【形容詞】 (de)",0,0,0,""
"cagna","","【訳語】
凡百の
【用例】 【形容詞】 (de)",0,0,0,""
"cai","","【訳語】
あの
【用例】 【形容詞】 (de)",0,0,0,""
"canorir","","【訳語】
近くの・目と鼻の先の
【用例】 【形容詞】 (de)",0,0,0,""
"caqr","","【訳語】
少ない
【用例】 【形容詞】 (de)",0,0,0,""
"Cayly","","【訳語】
単純な
【用例】 【形容詞】 (de)",0,0,0,""
"celuey","","【訳語】
華やかな
【用例】 【形容詞】 (de)",0,0,0,""
"Ceniy","","【訳語】
綺麗な
【用例】 【形容詞】 (de)",0,0,0,""
"cieyni","","【訳語】
再びの
【用例】 【形容詞】 (de)",0,0,0,""
"Cleq","","【訳語】
酸っぱい
【用例】 【形容詞】 (de)",0,0,0,""
"deyny","〈形容詞〉 喜ばしい","【語法】 やや古風。
【造語】 (de)新辞書移行以前
cf:〈派生〉 deytam",0,0,0,""
"dyr","","【訳語】
短い
【用例】 【形容詞】 (de)",0,0,0,""
"edyrsu","","【訳語】
伝統の・特別な
【用例】 【形容詞】 (de)",0,0,0,""
"elia","","【訳語】
偉大
【用例】 【形容詞】 (de)",0,0,0,""
"enoks","","【訳語】
次の・続いた先
【用例】 【形容詞】 (de)",0,0,0,""
"ent","","【訳語】
うるさい・耳障りな
【用例】 【形容詞】 (de)",0,0,0,""
"eriq","","【訳語】
そのままの・むき出しの
【用例】 【形容詞】 (de)",0,0,0,""
"essa","","【訳語】
正式
【用例】 【形容詞】 (de)",0,0,0,""
"felir","","【訳語】
とても
【用例】 【形容詞】 (de)",0,0,0,""
"fycw","","【訳語】
普段の・特別でない
【用例】 【形容詞】 (de)",0,0,0,""
"gailen","","【訳語】
下級の
【用例】 【形容詞】 (le)",0,0,0,""
"gerks","","【訳語】
絵のような
【用例】 【形容詞】 (de)",0,0,0,""
"godir","","【訳語】
自在に・思いのままに
【用例】 【形容詞】 (de)",0,0,0,""
"gordi","〈形容詞〉 大きな","【造語】 (de)新辞書移行以前",0,0,0,""
"gulist","","【訳語】
怒り
【用例】 【形容詞】 (de)",0,0,0,""
"helsten","","【訳語】
下級以下の
【用例】 【形容詞】 (le)",0,0,0,""
"henpty'a","","【訳語】
短縮して・簡潔に
【用例】 【形容詞】 (de)",0,0,0,""
"jenirt","","【訳語】
一番の
【用例】 【形容詞】 (de)",0,0,0,""
"jorlisk","","【訳語】
外来の、外因の
【用例】 【形容詞】 (de)",0,0,0,""
"jorq","","【訳語】
怪しい
【用例】 【形容詞】 (de)",0,0,0,""
"katty","","【訳語】
そのままの・本来の
【用例】 【形容詞】 (de)",0,0,0,""
"KeRw","","【訳語】
良い
【用例】 【形容詞】英語の""good”に近い意味、ただし”好ましい”の意味もある。 (de)",0,0,0,""
"Kon","","【訳語】
高位の
【用例】 【形容詞】 (de)",0,0,0,""
"korpu","","【訳語】
近い
【用例】 【形容詞】物理的な近さ (de)",0,0,0,""
"Kwikk","","【訳語】
広い
【用例】 【形容詞】 (de)",0,0,0,""
"Kyyn","","【訳語】
狂った
【用例】 【形容詞】 (de)",0,0,0,""
"lagey","","【訳語】
また・再び・再度
【用例】 【形容詞】 (de)",0,0,0,""
"lalu","","【訳語】
唯一の
【用例】 【形容詞】 (de)",0,0,0,""
"lanjett","〈形容詞〉 空中の","【造語】 (de)",0,0,0,""
"lea","","【訳語】
～だけの・唯一～の
【用例】 【前置詞】 (de)",0,0,0,""
"leyM","","【訳語】
（程度などが）高い
【用例】 【形容詞】 (de)",0,0,0,""
"likka","","【訳語】
先験的な
【用例】 【形容詞】 (de)",0,0,0,""
"lisk","","【訳語】
外からの
【用例】 【形容詞】 (de)",0,0,0,""
"lott","","【訳語】
人工的・不自然な
【用例】 【形容詞】 (de)",0,0,0,""
"Luirt","","【訳語】
三番目
【用例】 【形容詞】 (de)",0,0,0,""
"nalia","〈副詞〉 ずっと・延々と","【造語】 (de)新辞書移行以前",0,0,0,""
"netu","","【訳語】
みずぼらしい
【用例】 【形容詞】 (de)",0,0,0,""
"olka","","【訳語】
下品な
【用例】 【形容詞】 (ax)",0,0,0,""
"pal'an","","【訳語】
とうに・すでに・随分と前に
【用例】 【形容詞】 (le)",0,0,0,""
"piker","","【訳語】
後験的な
【用例】 【形容詞】 (de)",0,0,0,""
"qast","","【訳語】
空想の
【用例】 【形容詞】 (de)",0,0,0,""
"riven","","【訳語】
お手本・模範的な
【用例】 【形容詞】 (de)",0,0,0,""
"Rlrd","","【訳語】
古い
【用例】 【形容詞】 (de)",0,0,0,""
"segn","","【訳語】
強い
【用例】 【形容詞】 (de)",0,0,0,""
"skirt","","【訳語】
二番目の
【用例】 【形容詞】 (de)",0,0,0,""
"stey","","【訳語】
～の目の前で
【用例】 【前置詞】 (de)",0,0,0,""
"tang","","【訳語】
～ばかりを
【用例】 【前置詞】 (de)",0,0,0,""
"teyntaq","","【訳語】
捗っている・捗々しい
【用例】 【形容詞】 (de)",0,0,0,""
"tilbs","","【訳語】
大事ではない・不必要な
【用例】 【形容詞】 (de)",0,0,0,""
"tily","","【訳語】
多い
【用例】 【形容詞】 (de)",0,0,0,""
"tolt","〈形容詞〉 盲目の・見えない
〈副詞〉 手探りで","【造語】 (de)新辞書移行以前",0,0,0,""
"trew","","【訳語】
チープな・安っぽい
【用例】 【形容詞】 (de)",0,0,0,""
"tywar","","【訳語】
真ん中
【用例】 【形容詞】 (de)",0,0,0,""
"vel'ed","","【訳語】
野生の
【用例】 【形容詞】 (de)",0,0,0,""
"veliq","","【訳語】
法的な・法に定められた
【用例】 【形容詞】 (de)",0,0,0,""
"virKKat","","【訳語】
半分
【用例】 【形容詞】 (de)",0,0,0,""
"vortlen","","【訳語】
上級の
【用例】 【形容詞】 (le)",0,0,0,""
"vytel","","【訳語】
綺麗な
【用例】 【形容詞】 (de)",0,0,0,""
"waif","〈動詞〉 疲れる
〈形容詞〉 疲れた","【造語】 (de)新辞書移行以前",0,0,0,""
"xelnik","","【訳語】
綺麗な・清浄な
【用例】 【形容詞】 (de)",0,0,0,""
"xiy","","【訳語】
新しい
【用例】 【形容詞】 (de)",0,0,0,""
"xleyn","","【訳語】
正常な
【用例】 【形容詞】 (de)",0,0,0,""
"yeing","","【訳語】
産まれたての・幼い
【用例】 【形容詞】 (de)",0,0,0,""
"nel","","【訳語】
～など
【用例】 【後置詞】代名詞・名詞の後に置き”～のみならず”という意味になる、主語として使うと”皆・この場の全員”となる、目的語にはならないので注意。 (de)",0,0,0,""
"tete","","【訳語】
～のように
【用例】 【後置詞】これを形容詞に後置することで形容詞を名詞の前に置くことができる。 (de)",0,0,0,""
"tritnia","","【訳語】
～してしまう
【用例】 【後置詞】 (de)",0,0,0,""
"-bef pal'an","","【訳語】
～するに早すぎた・～ですらない
【用例】 【熟語】S V-bef pal'an (de)",0,0,0,""
"-est jen","","【訳語】
～してみせて
【用例】 【熟語】軽蔑を込めた言い方。 (de)",0,0,0,""
"-ly pal'an","","【訳語】
～するに遅すぎた・とっくのとうに
【用例】 【熟語】S V-ly pal'an (de)",0,0,0,""
"lirse lot les tilbs","","【訳語】
それだけなのだけれど
【用例】 【熟語】 (de)",0,0,0,""
"bey","〈文頭詞〉 もしも～なら・if
〈動詞〉 閉じる","【造語】 (de)新辞書移行以前
cf:〈同義〉 pniaCa
cf:〈併用〉 eq'anu",0,0,0,""
"emen","〈接続詞〉 ＆・～と
〈動詞〉 足す・加算する","【造語】 (de)新辞書移行以前",0,0,0,""
"enmecia","〈接続詞〉 ～と～・＆","【語法】 冗長。韻文の音合わせや、文語表現・強調に使う。
【造語】 (de)新辞書移行以前",0,0,0,""
"fain","〈接続詞〉 ～だから～せよ","【語法】 ”理由 fain 命令文”で”～なので～せよ”と意味する。
kapとは違い、命令するときにしか使わない。
【造語】 (de)新辞書移行以前
cf:〈似義〉 kap",0,0,0,""
"lot","〈動詞〉 ～は・be
〈接続詞〉 等位","【語法】 最も基礎的、用法はほとんどbe動詞。ただし、文節同士の等位、”つまり”・”即ち”をも示す。
数学に於いて=を読む際にも使われる。
【造語】 (de)新辞書移行以前",0,0,0,""
"peste","","【訳語】
～であり～でもある
【用例】 【接続詞】 (de)",0,0,0,""
"pniaCa","〈文頭詞〉 もしも～なら・if","【造語】 (de)新辞書移行以前
cf:〈同義〉 bey
cf:〈併用〉 eq'anu",0,0,0,""
"rurz","","【訳語】
～と比べて
【用例】 【接続詞】動詞 A rurz B でBに比べてAは動詞だ、となる。 (de)",0,0,0,""
"sea","","【訳語】
～と
【用例】 【接続詞】 (de)",0,0,0,""
"seyn","","【訳語】
～したら・~したとき
【用例】 【接続詞】英語の対訳はwhen (de)",0,0,0,""
"vyuq","","【訳語】
～のような
【用例】 【接続詞】 (de)",0,0,0,""
"walir","〈接続詞〉 ～のような・装飾","【語法】 この単語以来の句を形容詞句として扱う。 (de)
【造語】 (de)新辞書移行以前",0,0,0,""
"yent","","【訳語】
点
【用例】 【接続詞】~.~ (de)",0,0,0,""
"aca","〈接尾辞〉 ~な人","【語法】 形容詞につけて、”～な人”という意味の代名詞とする。",0,0,0,""
"-alpen","","【訳語】
~によって・～に対して
【用例】 【接尾辞】 (de)",0,0,0,""
"-alu","","【訳語】
～してもらう
【用例】 【接尾辞】 (de)",0,0,0,""
"aM","〈接尾辞〉 ～人・～の人々","【語法】 名詞に後置し、～に所属する人のことを指す。 
【造語】 (de)新辞書移行以前",0,0,0,""
"-ania","","【訳語】
～しちゃった
【用例】 【接尾辞】tritniaよりも軽い表現、動詞につける。 (de)",0,0,0,""
"-art","","【訳語】
～さん
【用例】 【接尾辞】名詞に後置し敬意を表す。 (de)",0,0,0,""
"-bakt","","【訳語】
～諸君・～等よ
【用例】 【接尾辞】 (de)",0,0,0,""
"ela","〈接尾辞〉 ～すら","【語法】 限定・波及。名詞に後置する。
【造語】 (tl de)新辞書移行以前
【注意】 語形はtl、意味はde",0,0,0,""
"-ian","","【訳語】
～職人
【用例】 【接尾辞】 (de)",0,0,0,""
"oy","〈接尾辞〉 ～してもよい・許可","【造語】 (de)新辞書移行以前",0,0,0,""
"-Qen","","【訳語】
～質
【用例】 【接尾辞】 (de)",0,0,0,""
"-Ragi","","【訳語】
～する者
【用例】 【接尾辞】(動詞につけて)～する人 (de)",0,0,0,""
"-ta","","【訳語】
強調
【用例】 【接尾辞】単語の最後の母音を削除して後置し、意味を強調する。 (de)",0,0,0,""
"-tai","","【訳語】
～か・弱化
【用例】 【接尾辞】 (de)",0,0,0,""
"un","〈接尾辞〉 ～を・目的格","【造語】 (de)新辞書移行以前",0,0,0,""
"xyk","〈接尾辞〉 ～番目・序数
〈動詞〉 安定する
〈形容詞〉 安定した・定まれり","【語法】 序数の意味もあるのは、もともと序数を”安定した(数)”と表したから。後に二つは分離したが、再分析されて同形になった。
【造語】 (de)新辞書移行以前",0,0,0,""
"dlxa","","【訳語】
～にとって・於いて
【用例】 【前置詞】 (de)",0,0,0,""
"et","","【訳語】
～から～まで
【用例】 【前置詞】 (de)",0,0,0,""
"ete","〈前置詞〉 ~の中で","【語法】 国名のeteとは無関係
【造語】 (de)新辞書移行以前",0,0,0,""
"eype","〈前置詞〉 ~によって・～に対して","【用例】 例 V　eype tun O[OのままでVする]
【造語】 (de)新辞書移行以前",0,0,0,""
"lo","〈前置詞〉 ~のために・for
〈前置詞〉 (主に宛名で)～へ","【語法】 稀々に”～の為の”・”～についての”の意味で、本・文章の表題に使う。
【造語】 (de)新辞書移行以前",0,0,0,""
"na","","【訳語】
～が
【用例】 【前置詞】後におかれた単語を主格にする (de)",0,0,0,""
"ot","〈前置詞〉 ～に・in・於","【造語】 (de)新辞書移行以前
【変更】 h291214 obi on",0,0,0,""
"ped","〈前置詞〉 ～を","【語法】 後におかれた単語、ないし句を目的格にする。
【造語】 (de)新辞書移行以前",0,0,0,""
"rib","〈前置詞〉 to ～に向かって・～へ","【造語】 (de)新辞書移行以前",0,0,0,""
"rik","","【訳語】
～から・～より
【用例】 【前置詞】 (de)",0,0,0,""
"sa","","【訳語】
on・～に乗って
【用例】 【前置詞】 (de)",0,0,0,""
"tun","〈前置詞〉 ～に沿って・～のままの","【造語】 (de)新辞書移行以前",0,0,0,""
"vala","","【訳語】
～の裏で
【用例】 【前置詞】 (de)",0,0,0,""
"vin","","【訳語】
向こう
【用例】 【前置詞】 (de)",0,0,0,""
"asse","〈代名詞〉 それ
〈名詞〉 その","【造語】 (de)新辞書移行以前
cf:〈似義〉 yezqi",0,0,0,""
"azqi","〈代名詞〉 こんな
〈形容詞〉 このような
〈副詞〉 このように","【造語】 (de)新辞書移行以前
cf:〈似義〉 osse",0,0,0,""
"caixe","","【訳語】
あの人
【用例】 【代名詞】 (de)",0,0,0,""
"caluk","","【訳語】
彼
【用例】 【代名詞】 (de)",0,0,0,""
"chel","","【訳語】
彼女
【用例】 【代名詞】 (de)",0,0,0,""
"egqsse","","【訳語】
あなたの
【用例】 【代名詞】相手の持っているもの、または相手の領域にある物を指す。 (de)",0,0,0,""
"esse","","【訳語】
あの
【用例】 【代名詞】 (de)",0,0,0,""
"inqsse","","【訳語】
観衆・その他大勢
【用例】 【代名詞】 (de)",0,0,0,""
"kyla","","【訳語】
あなた
【用例】 【代名詞】 (le)",0,0,0,""
"lar","〈代名詞〉 彼・彼女・彼奴","【語法】 自分と相手以外の者の事を話すときに主語代わりに使う代名詞。 性はない。
【造語】 (de)新辞書移行以前
cf:〈似義〉 yenk",0,0,0,""
"lay","","【訳語】
僕
【用例】 【代名詞】丁寧形の一つ、全体の中の一人である自分のことを指して言う。一般的に余り良い意味ではない (de)",0,0,0,""
"lirse","","【訳語】
それ
【用例】 【代名詞】目視でき、しかし手元にはないものを指す。 (de)",0,0,0,""
"niy'yei","〈代名詞〉 誰・だれ","【造語】 このうちの誰より　などの誰、不定の代名詞
【造語】 (de)新辞書移行以前
cf:〈派生〉 qursse",0,0,0,""
"osse","〈代名詞〉 これ
〈形容詞〉 この","【語法】 近くにあるもの、または既に話題に出た名詞の代わりに使用する。
【造語】 (de)新辞書移行以前
cf:〈似義〉 azqi",0,0,0,""
"pegdi","","【訳語】
妻・婚約者
【用例】 【代名詞】 (de)",0,0,0,""
"Qeince","〈代名詞〉 誰かが・誰かを","【語法】 主語が不明な時に使う。
【造語】 (de)新辞書移行以前",0,0,0,""
"qursse","〈代名詞〉 誰が・誰もが","【造語】 主語としてのniy'yei。
【造語】 (de)新辞書移行以前
cf:〈派生〉 niy'yei",0,0,0,""
"tew","","【訳語】
貴方・君・そちら
【用例】 【代名詞】kylaの丁寧な形 (de)",0,0,0,""
"we","〈代名詞〉 私・我・わたし","【語法】 私、複数形で私達、稀にwesとも発音する。もっとも中核的な一人称。
【造語】 (de)新辞書移行以前",0,0,0,""
"wey","","【訳語】
私(ワタクシ)
【用例】 【代名詞】丁寧系の一つ、相手を上げる言い方。 (de)",0,0,0,""
"Xine","〈代名詞〉 あそこ・(指を指して)そこ","【造語】 (de)新辞書移行以前",0,0,0,""
"yuta","","【訳語】
何か
【用例】 【代名詞】 (de)",0,0,0,""
"cel","","【訳語】
シェル
【用例】 【単位】デーレ界で使われる年の単位、デーレ暦とも訳す。 (de)",0,0,0,""
"cykk","","【訳語】
日
【用例】 【単位】 (de)",0,0,0,""
"delk","","【訳語】
デルク
【用例】 【単位】通貨単位、主にderle地方とその元属国などで使われる。 (de)",0,0,0,""
"eCrgin","","【訳語】
第○段階
【用例】 【単位】iZdの類語、これは特に具体的なものに使う。 (de)",0,0,0,""
"iZd","","【訳語】
バージョン
【用例】 【単位】eCrginの類語、第何段階などのように○iZdのように使う、抽象的なものに使う。 (de)",0,0,0,""
"kukk","","【訳語】
時
【用例】 【単位】 (de)",0,0,0,""
"nakk","","【訳語】
分
【用例】 【単位】 (de)",0,0,0,""
"qr'a","〈名詞〉 ニーア
〈単位〉 ニーア","【語法】 通貨の単位、主にニャン大陸で使われる。旧いQaNQarより移行した。
【造語】 (de)新辞書移行以前
【変更】 h291102 qrA qr'a (de)",0,0,0,""
"vakk","","【訳語】
秒
【用例】 【単位】 (de)",0,0,0,""
"xakk","","【訳語】
歳
【用例】 【単位】 (de)",0,0,0,""
"adelni","〈動詞〉 石打ちする
〈名詞〉 石打ち","【造語】 (le)新辞書移行以前
cf: adezin",0,0,0,""
"aguli","〈動詞〉 一寸にする・遠慮する","【造語】 (de)新辞書移行以前",0,0,0,""
"akac","〈動詞〉 変わる・変化する","【造語】 (de)新辞書移行以前",0,0,0,""
"akCaq","〈動詞〉 救う・助ける","【造語】 (de)新辞書移行以前",0,0,0,""
"aken","〈動詞〉 考える・希哲する","【造語】 (de)新辞書移行以前",0,0,0,""
"aklas","〈動詞〉 咲く","【造語】 (de)新辞書移行以前",0,0,0,""
"akorg","〈名詞〉 造語
〈動詞〉 造語する","【造語】 (de)新辞書移行以前",0,0,0,""
"alged","〈動詞〉 (罰や暴力などを)受ける","【語法】 転じて「受身をとる」
【造語】 (de)新辞書移行以前",0,0,0,""
"amunow","〈動詞〉 苦労する","【造語】 (de)新辞書移行以前",0,0,0,""
"antent","〈動詞〉 写す, 写生する
〈形容詞〉 生き写しの","【造語】 (de)新辞書移行以前",0,0,0,""
"arqs","〈動詞〉 思い込む","【造語】 (de)新辞書移行以前",0,0,0,""
"aritto","〈動詞〉 止まる・中止される","【造語】 (de)新辞書移行以前
【変更】 h291213 art aritto (de)",0,0,0,""
"attyela","〈動詞〉 形容する・修飾する","【造語】 (de)新辞書移行以前",0,0,0,""
"ayein","〈動詞〉 足す・加算する","【造語】 (de)新辞書移行以前",0,0,0,""
"ayn","〈動詞〉 射る","【造語】 (de)新辞書移行以前",0,0,0,""
"azapes","〈動詞〉 手放す・失う","【造語】 (de)新辞書移行以前",0,0,0,""
"banQal","〈動詞〉 なかったことにする・消す・削除する","【造語】 (de)新辞書移行以前",0,0,0,""
"banTin","","【訳語】
~のふりをする
【用例】 【動詞】 (de)",0,0,0,""
"belni","","【訳語】
拍手をする
【用例】 【動詞】 (de)",0,0,0,""
"bens","","【訳語】
(花等が)散る
【用例】 【動詞】 (de)",0,0,0,""
"bermo","","【訳語】
散乱する
【用例】 【動詞】 (de)",0,0,0,""
"caow","","【訳語】
走る
【用例】 【動詞】 (de)",0,0,0,""
"car","","【訳語】
生み出す
【用例】 【動詞】 (de)",0,0,0,""
"cef","","【訳語】
見つめる・じっと観測する
【用例】 【動詞】 (de)",0,0,0,""
"cekten","","【訳語】
歩く
【用例】 【動詞】 (de)",0,0,0,""
"Cente","","【訳語】
輝く
【用例】 【動詞】 (de)",0,0,0,""
"Cgy","","【訳語】
悩む
【用例】 【動詞】 (de)",0,0,0,""
"cp","","【訳語】
進む
【用例】 【動詞】 (de)",0,0,0,""
"crj","","【訳語】
計算
【用例】 【動詞】 (de)",0,0,0,""
"Cxin","","【訳語】
歌う
【用例】 【動詞】 (de)",0,0,0,""
"dent'ail","","【訳語】
なくなる、失われる、無くす
【用例】 【動詞】 (de)",0,0,0,""
"derkente","","【訳語】
手をつなぐ
【用例】 【動詞】 (de)",0,0,0,""
"donowla","","【訳語】
準備
【用例】 【動詞】 (de)",0,0,0,""
"dort","","【訳語】
死ぬ
【用例】 【動詞】 (de)",0,0,0,""
"edylot","〈動詞〉 消す・削る","【語法】 banQalより弱い。
【造語】 (de)新辞書移行以前",0,0,0,""
"ekatt","〈動詞〉 完成する","【造語】 (de)新辞書移行以前",0,0,0,""
"elence","〈動詞〉 並べる
〈動詞〉 掛ける・掛け算する","【語法】 出人は掛け算のことを”nをm個並べる”(elence n m)と言い、それは後に演算子として数字と数字の間に収まった。
【造語】 (de)新辞書移行以前",0,0,0,""
"elib","","【訳語】
出会う
【用例】 【動詞】 (de)",0,0,0,""
"enast","","【訳語】
教えてもらう
【用例】 【動詞】 (le)",0,0,0,""
"enest","","【訳語】
伝える
【用例】 【動詞】 (de)",0,0,0,""
"enia","","【訳語】
教える
【用例】 【動詞】 (le)",0,0,0,""
"esiaty","","【訳語】
発生
【用例】 【動詞】 (de)",0,0,0,""
"esscl","","【訳語】
整頓・掃除
【用例】 【動詞】 (de)",0,0,0,""
"etyskks","","【訳語】
錬金する
【用例】 【動詞】 (de)",0,0,0,""
"fecy","","【訳語】
貼り付ける・接着する
【用例】 【動詞】 (de)",0,0,0,""
"FlaDs","","【訳語】
掘り出す
【用例】 【動詞】 (de)",0,0,0,""
"fog","〈動詞〉 言う・伝える","【造語】 (de)新辞書移行以前",0,0,0,""
"goda","","【訳語】
求める・望む
【用例】 【動詞】 (de)",0,0,0,""
"goon","","【訳語】
ほしがる
【用例】 【動詞】 (de)",0,0,0,""
"gr'rin","","【訳語】
描く
【用例】 【動詞】 (de)",0,0,0,""
"gulain","","【訳語】
怒る
【用例】 【動詞】 (de)",0,0,0,""
"hakkm","","【訳語】
あげる
【用例】 【動詞】 (de)",0,0,0,""
"hayl","","【訳語】
構える・張り込む
【用例】 【動詞】 (de)",0,0,0,""
"hekum","","【訳語】
貰う
【用例】 【動詞】 (de)",0,0,0,""
"hhik","","【訳語】
書く
【用例】 【動詞】 (de)",0,0,0,""
"hyurZa","〈動詞〉 剥がす・剥ぐ・削ぐ・(獲物などを)解体する","【造語】 (de)新辞書移行以前",0,0,0,""
"icalur","","【訳語】
斬る
【用例】 【動詞】 (de)",0,0,0,""
"iclis","","【訳語】
記す
【用例】 【動詞】 (de)",0,0,0,""
"icno","〈動詞〉 革命する・大きく変わる・様変わる・打ち倒す
〈名詞〉 革命","【造語】 (de)新辞書移行以前",0,0,0,""
"iM","","【訳語】
知る
【用例】 【動詞】 (de)",0,0,0,""
"jelen","","【訳語】
断髪
【用例】 【動詞】 (de)",0,0,0,""
"jent","","【訳語】
見る
【用例】 【動詞】 (le)",0,0,0,""
"jes","","【訳語】
切る
【用例】 【動詞】 (de)",0,0,0,""
"jestin","","【訳語】
遠慮する・躊躇する・思いとどまる
【用例】 【動詞】 (de)",0,0,0,""
"jolq","","【訳語】
錯覚する
【用例】 【動詞】 (de)",0,0,0,""
"jrq","","【訳語】
作る
【用例】 【動詞】 (de)",0,0,0,""
"Katain","","【訳語】
嘘をつく
【用例】 【動詞】 (de)",0,0,0,""
"Kenir","","【訳語】
彩る
【用例】 【動詞】 (de)",0,0,0,""
"Kenxy","","【訳語】
裁く・責める
【用例】 【動詞】 (de)",0,0,0,""
"Kery","","【訳語】
討伐する
【用例】 【動詞】 (de)",0,0,0,""
"Kgyw","","【訳語】
苦労する
【用例】 【動詞】 (de)",0,0,0,""
"kint","","【訳語】
待つ
【用例】 【動詞】 (de)",0,0,0,""
"klant","","【訳語】
絞める
【用例】 【動詞】 (de)",0,0,0,""
"kuliuM","","【訳語】
協力する
【用例】 【動詞】 (de)",0,0,0,""
"kyenin","","【訳語】
コイントス
【用例】 【動詞】 (le)",0,0,0,""
"lary","","【訳語】
突く
【用例】 【動詞】 (de)",0,0,0,""
"leyz","","【訳語】
回転する
【用例】 【動詞】語形はtl、意味はde (tl de)",0,0,0,""
"lfela","","【訳語】
増える
【用例】 【動詞】 (de)",0,0,0,""
"luku","","【訳語】
落ちる
【用例】 【動詞】 (de)",0,0,0,""
"maace","","【訳語】
非難する
【用例】 【動詞】 (de)",0,0,0,""
"maynor","","【訳語】
警戒する
【用例】 【動詞】 (de)",0,0,0,""
"meantam","","【訳語】
言い訳をする
【用例】 【動詞】 (de)",0,0,0,""
"meluain","","【訳語】
風邪をひく
【用例】 【動詞】 (de)",0,0,0,""
"messe","","【訳語】
主張する
【用例】 【動詞】 (de)",0,0,0,""
"meyli","","【訳語】
流れる・滴る・滑り落ちる
【用例】 【動詞】 (de)",0,0,0,""
"nanta","","【訳語】
持つ・所有する
【用例】 【動詞】 (de)",0,0,0,""
"nasM","","【訳語】
繰り返す・回す
【用例】 【動詞】 (de)",0,0,0,""
"nasvel","","【訳語】
被る
【用例】 【動詞】 (de)",0,0,0,""
"neeq","","【訳語】
残す・継承する・
【用例】 【動詞】(その場にいなくとも)影響を及ぼす (de)",0,0,0,""
"nord","","【訳語】
震える
【用例】 【動詞】 (tl)",0,0,0,""
"noupw","","【訳語】
包む
【用例】 【動詞】 (de)",0,0,0,""
"oKnak","","【訳語】
続く
【用例】 【動詞】 (de)",0,0,0,""
"ons","","【訳語】
嗅ぐ
【用例】 【動詞】 (le)",0,0,0,""
"oRga","〈動詞〉 記録する","【造語】 (de)新辞書移行以前",0,0,0,""
"oZak","","【訳語】
超える
【用例】 【動詞】 (de)",0,0,0,""
"pal","〈動詞〉 開ける","【造語】 (de)新辞書移行以前",0,0,0,""
"Qazin","〈動詞〉 拭う・拭きとる","【造語】 (de)新辞書移行以前",0,0,0,""
"qem","","【訳語】
産まれる・生まれる・誕生する
【用例】 【動詞】 (de)",0,0,0,""
"reyla","","【訳語】
評価する・採点
【用例】 【動詞】語形はtl、意味はde (tl de)",0,0,0,""
"sent","","【訳語】
聴く
【用例】 【動詞】 (le)",0,0,0,""
"sijyi","","【訳語】
生きる
【用例】 【動詞】 (de)",0,0,0,""
"skrlin","〈動詞〉 喋る・話す・雑談する","【造語】 (de)新辞書移行以前",0,0,0,""
"stey'yen","","【訳語】
過ぎる
【用例】 【動詞】 (de)",0,0,0,""
"tante","","【訳語】
繋ぐ・連結する・結びつける
【用例】 【動詞】 (de)",0,0,0,""
"tawor","","【訳語】
到達
【用例】 【動詞】 (de)",0,0,0,""
"Ton","〈動詞〉 存在する","【造語】 (de)新辞書移行以前
cf:〈派生〉 xoqks",0,0,0,""
"tweek","","【訳語】
投げる
【用例】 【動詞】 (de)",0,0,0,""
"tyfal","","【訳語】
必要になる
【用例】 【動詞】 (de)",0,0,0,""
"tylrx","","【訳語】
触る
【用例】 【動詞】 (de)",0,0,0,""
"tyxen","","【訳語】
味わう
【用例】 【動詞】 (le)",0,0,0,""
"vaxi","","【訳語】
(家などに)帰る
【用例】 【動詞】 (de)",0,0,0,""
"velin","","【訳語】
頭に乗せる
【用例】 【動詞】 (de)",0,0,0,""
"vely","","【訳語】
破壊する
【用例】 【動詞】 (de)",0,0,0,""
"veqa","","【訳語】
爆発する
【用例】 【動詞】 (de)",0,0,0,""
"verent","","【訳語】
爆破する
【用例】 【動詞】 (de)",0,0,0,""
"vote","","【訳語】
踊る
【用例】 【動詞】 (de)",0,0,0,""
"wal","","【訳語】
～する
【用例】 【動詞】 (de)",0,0,0,""
"webens","","【訳語】
終わる
【用例】 【動詞】 (de)",0,0,0,""
"weeLuon","〈形容詞〉 実行出来る・出来る状態にある","【造語】 (de)新辞書移行以前
cf:〈派生〉 weera",0,0,0,""
"weera","〈動詞〉 実行する・する・Do","【造語】 (de)新辞書移行以前
cf:〈派生〉 weeLuon, weelin
cf:〈似義〉 two",0,0,0,""
"wenks","","【訳語】
弾く
【用例】 【動詞】 (de)",0,0,0,""
"wirt","","【訳語】
感じる
【用例】 【動詞】 (le)",0,0,0,""
"wog","〈動詞〉 動く・動かす・動作する","【造語】 (de)新辞書移行以前
語順の決定時に使っていたような気がするのでたぶん最古の単語。",0,0,0,""
"xarlo","","【訳語】
始まり
【用例】 【動詞】 (de)",0,0,0,""
"xeymeaQ","","【訳語】
証明
【用例】 【動詞】 (de)",0,0,0,""
"xinks","","【訳語】
出題する
【用例】 【動詞】 (de)",0,0,0,""
"xrdi","","【訳語】
食べる
【用例】 【動詞】 (de)",0,0,0,""
"yed","","【訳語】
買う
【用例】 【動詞】 (de)",0,0,0,""
"Zank","","【訳語】
～の対になる
【用例】 【動詞】 (de)",0,0,0,""
"Zanta","〈動詞〉 興味を失う・飽きる","【造語】 (de)新辞書移行以前",0,0,0,""
"Zbeft","","【訳語】
探す
【用例】 【動詞】 (de)",0,0,0,""
"Zijtes","","【訳語】
持ち去る
【用例】 【動詞】 (de)",0,0,0,""
"Zkka","","【訳語】
作業
【用例】 【動詞】 (de)",0,0,0,""
"Zofte","〈動詞〉 見つける・見出す","【語法】 物質的なもの、探し物を見つけたとき等の”見つける”。
【造語】 (de)新辞書移行以前
cf:〈似義〉 ZofKo",0,0,0,""
"zyka","〈動詞〉 発音する・読む","【造語】 (de)新辞書移行以前
【変更】 h291213 zty zyka (de)",0,0,0,""
"ererl","","【訳語】
～より
【用例】 【独立詞】”～一同”や、”～より”のような意味合いを持つ。 (de)",0,0,0,""
"enca","","【訳語】
意外と・案外
【用例】 【文頭詞】 (de)",0,0,0,""
"esia","","【訳語】
答え
【用例】 【文頭詞】 (de)",0,0,0,""
"hel","〈文頭詞〉 疑問の文頭詞","【造語】 (de)新辞書移行以前",0,0,0,""
"kap","〈文頭詞〉 ～だから～だろう","【語法】 fainは命令にのみ使い、こちらは必然・類推などに使う。
【造語】 (de)新辞書移行以前
cf:〈似義〉 fain",0,0,0,""
"kaste","","【訳語】
～らしいと聞いた、不確定だが
【用例】 【文頭詞】 (de)",0,0,0,""
"kix","","【訳語】
～でも・しかし
【用例】 【文頭詞】venialよりも弱い表現 (le)",0,0,0,""
"selcw","","【訳語】
話を変える
【用例】 【文頭詞】話を変える・話題を変える (de)",0,0,0,""
"venial","","【訳語】
~だとしても・しかし
【用例】 【文頭詞】 (de)",0,0,0,""
"ZalaK","","【訳語】
仮定
【用例】 【文頭詞】 (de)",0,0,0,""
"ac'c","〈名詞〉 祖先・昔の人","【造語】 (de)新辞書移行以前",0,0,0,""
"adezin","〈名詞〉 石","【造語】 (de)新辞書移行以前
cf: adelni",0,0,0,""
"ag","〈名詞〉 人","【造語】 (de)新辞書移行以前",0,0,0,""
"akacoln","〈動詞〉 虚化する","【造語】 (de)新辞書移行以前
【注意】 異界由来、作者が個人的に使うための単語、源流はジャンプ漫画のBLEACH",0,0,0,""
"akluks","〈名詞〉 虚化した者","【造語】 (le)新辞書移行以前
【注意】 異界由来、作者が個人的に使うための単語、源流はジャンプ漫画のBLEACH",0,0,0,""
"alte","〈名詞〉 A
〈名詞〉 一番目の・初めの","【造語】 (de)新辞書移行以前",0,0,0,""
"amaiz","〈名詞〉 魔法","【造語】 (de)新辞書移行以前
【変更】 h29???? amizk amaiz (de)",0,0,0,""
"anxe","〈名詞〉 秋","【造語】 (de)新辞書移行以前",0,0,0,""
"apli","〈名詞〉 霊","【造語】 (de)新辞書移行以前",0,0,0,""
"asikk","〈名詞〉 スプーン・匙","【造語】 (de)新辞書移行以前",0,0,0,""
"eten","〈名詞〉 美術品","【造語】 (le)新辞書移行以前
cf: etert",0,0,0,""
"etert","〈名詞〉 美術","【造語】  (le)新辞書移行以前
cf: eten",0,0,0,""
"atyema","〈名詞〉 羊羹","【造語】 (de)新辞書移行以前
【変更】 h291206 atma atyema (de)",0,0,0,""
"aulakk","〈名詞〉 言語","【造語】 (de)新辞書移行以前",0,0,0,""
"abuul","〈名詞〉 夜","【造語】 (de)新辞書移行以前
【変更】 h291109 avul abuul (de)",0,0,0,""
"aynilin","〈名詞〉 銃","【造語】 (de)新辞書移行以前",0,0,0,""
"Bains","","【訳語】
弟
【用例】 【名詞】 (de)",0,0,0,""
"belto","","【訳語】
B
【用例】 【名詞】 (de)",0,0,0,""
"Bouns","","【訳語】
兄
【用例】 【名詞】 (de)",0,0,0,""
"brZert","","【訳語】
本
【用例】 【名詞】 (de)",0,0,0,""
"cadi","","【訳語】
机
【用例】 【名詞】 (de)",0,0,0,""
"calk","","【訳語】
図形
【用例】 【名詞】 (de)",0,0,0,""
"calq","","【訳語】
色
【用例】 【名詞】 (de)",0,0,0,""
"can'nak","〈〉 試作品・試しの","【造語】 (de)新辞書移行以前",0,0,0,""
"canu","","【訳語】
消しゴム
【用例】 【名詞】 (de)",0,0,0,""
"caq","","【訳語】
C
【用例】 【名詞】 (de)",0,0,0,""
"carite","","【訳語】
銀
【用例】 【名詞】 (de)",0,0,0,""
"cein","","【訳語】
紙幣
【用例】 【名詞】 (le)",0,0,0,""
"Centerl","","【訳語】
恒星
【用例】 【名詞】 (de)",0,0,0,""
"cerk","〈名詞〉 足
〈動詞〉 足蹴にする・蹴る","【造語】 (de)新辞書移行以前",0,0,0,""
"cern","","【訳語】
髪の毛
【用例】 【名詞】 (de)",0,0,0,""
"ceyM","","【訳語】
音楽
【用例】 【名詞】 (de)",0,0,0,""
"ceyZaM","","【訳語】
旋律
【用例】 【名詞】 (de)",0,0,0,""
"ciks","","【訳語】
僧
【用例】 【名詞】 (de)",0,0,0,""
"cily","〈動詞〉 床・地面","【語法】 出国には家の中で靴を脱ぐ文化がある、が、日本と同じく公共施設では一般脱がない。そのような場合の”床”として使う。
【造語】 (de)新辞書移行以前",0,0,0,""
"Cloka","","【訳語】
蜜柑
【用例】 【名詞】出界に蜜柑はあるのか…？ (de)",0,0,0,""
"cwa","","【訳語】
部隊
【用例】 【名詞】 (de)",0,0,0,""
"Cyekt","","【訳語】
日
【用例】 【名詞】 (de)",0,0,0,""
"deR'onta","","【訳語】
あっち向いてほい
【用例】 【名詞】異界由来、現界に存在する遊びの名前。 (de)",0,0,0,""
"derk","","【訳語】
手
【用例】 【名詞】 (de)",0,0,0,""
"derl","","【訳語】
D
【用例】 【名詞】 (de)",0,0,0,""
"dery","","【訳語】
指
【用例】 【名詞】 (de)",0,0,0,""
"doles","〈〉 .・文頭符・文末符","【語法】 文頭と文末につけるﾋﾟﾘｵﾄﾞに似た記号の事、文頭のものはfeni dolesと、文末のものはlana dolesと呼ぶ。
【造語】 (de)新辞書移行以前",0,0,0,""
"edain","","【訳語】
赤
【用例】 【名詞】 (de)",0,0,0,""
"edinta","","【訳語】
真っ赤な・真紅の
【用例】 【名詞】 (de)",0,0,0,""
"efitta","","【訳語】
表意文字
【用例】 【名詞】 (de)",0,0,0,""
"efty","〈名詞〉 意味
〈動詞〉 意味する","【造語】 (de)新辞書移行以前",0,0,0,""
"egyq","","【訳語】
責任
【用例】 【名詞】 (de)",0,0,0,""
"elhest","","【訳語】
ヘリウム
【用例】 【名詞】 (de)",0,0,0,""
"eliarl","","【訳語】
紙
【用例】 【名詞】 (de)",0,0,0,""
"elkoqy","","【訳語】
電子・データ
【用例】 【名詞】 (de)",0,0,0,""
"elto","","【訳語】
E
【用例】 【名詞】 (de)",0,0,0,""
"ely","〈名詞〉 0","【語法】 つくってたんかーい…olnと同義語。起源は未設定だがたぶんゼロと零みたいなもん。
【造語】 (de)新辞書移行以前
cf:〈併用〉 oln",0,0,0,""
"emenca","〈前置詞〉 ～と～・＆","【語法】 enmecia、emenと同義
【造語】 (de)新辞書移行以前",0,0,0,""
"end","","【訳語】
頬
【用例】 【名詞】 (de)",0,0,0,""
"eni","","【訳語】
ペン
【用例】 【名詞】棒状の筆記用具全般を指す (de)",0,0,0,""
"eqCuw","","【訳語】
消しゴム
【用例】 【名詞】 (de)",0,0,0,""
"eqK","","【訳語】
猫
【用例】 【名詞】 (de)",0,0,0,""
"eryem","","【訳語】
爪
【用例】 【名詞】 (de)",0,0,0,""
"esaki","〈名詞〉 世界
〈形容詞〉 世界的な","【語法】 宇宙全域、デーレ界全域を指す、”地表・この星”などの意味はない。
【造語】 (de)新辞書移行以前",0,0,0,""
"escens","〈名詞〉 世界・この星・出星
〈形容詞〉 地上の","【語法】 比喩的に形容詞として名詞に後置し、""名詞にとっての地上(～の土俵)""という意を成す。
【造語】 (de)新辞書移行以前",0,0,0,""
"evorle","","【訳語】
亜人
【用例】 【名詞】 (de)",0,0,0,""
"fena","","【訳語】
後
【用例】 【名詞】 (de)",0,0,0,""
"fin","〈名詞〉 100・百","【造語】 (de)新辞書移行以前",0,0,0,""
"fisto","","【訳語】
F
【用例】 【名詞】 (de)",0,0,0,""
"funi","","【訳語】
炎
【用例】 【名詞】 (de)",0,0,0,""
"fyl","〈名詞〉 4・四
〈形容詞〉 四番目の・四つの","【造語】 (de)新辞書移行以前",0,0,0,""
"geni","","【訳語】
左
【用例】 【名詞】 (de)",0,0,0,""
"genve","〈名詞〉 個性・個体","【語法】 元はGenveと綴った。古風な表現として今もそうしうる。
【造語】 (de)新辞書移行以前
【変更】 h291215 Genve genve (de)",0,0,0,""
"geykty","","【訳語】
水素
【用例】 【名詞】 (de)",0,0,0,""
"geyta","","【訳語】
戦争
【用例】 【名詞】 (le)",0,0,0,""
"gles","","【訳語】
!!
【用例】 【名詞】文意の強調に使う〈〉の形をしたdoles。doles同様文頭のものをfeni glesと、文末のものをlana glesと呼ぶ。
名詞 (de)",0,0,0,""
"gosten","","【訳語】
G
【用例】 【名詞】 (de)",0,0,0,""
"guluks","","【訳語】
怒りの
【用例】 【名詞】 (de)",0,0,0,""
"hal","","【訳語】
右
【用例】 【名詞】 (de)",0,0,0,""
"heles","〈名詞〉 ?・疑問の文頭・文末符・疑問符","【語法】 疑問文に使う()の形をしたdoles。doles同様文頭のものをfeni helesと、文末のものをlana helesと呼ぶ。
【造語】 (de)新辞書移行以前",0,0,0,""
"hist","","【訳語】
H
【用例】 【名詞】 (de)",0,0,0,""
"icakal","","【訳語】
語彙
【用例】 【名詞】 (de)",0,0,0,""
"icanak","","【訳語】
語彙
【用例】 【名詞】 (de)",0,0,0,""
"ifoll","","【訳語】
一覧
【用例】 【名詞】 (de)",0,0,0,""
"ihuu","","【訳語】
太陽
【用例】 【名詞】 (de)",0,0,0,""
"iKott","","【訳語】
魔物
【用例】 【名詞】 (de)",0,0,0,""
"ilto","","【訳語】
I
【用例】 【名詞】 (de)",0,0,0,""
"iQK","","【訳語】
神
【用例】 【名詞】 (de)",0,0,0,""
"issan","〈名詞〉 文学作品・小説","【造語】 (de)新辞書移行以前",0,0,0,""
"itular","","【訳語】
力
【用例】 【名詞】 (de)",0,0,0,""
"iZenme","","【訳語】
大地
【用例】 【名詞】 (de)",0,0,0,""
"jalon","","【訳語】
硫黄
【用例】 【名詞】 (de)",0,0,0,""
"jaq","","【訳語】
時間
【用例】 【名詞】 (de)",0,0,0,""
"jelius","","【訳語】
春
【用例】 【名詞】 (de)",0,0,0,""
"jelon","","【訳語】
硫黄
【用例】 【名詞】 (de)",0,0,0,""
"jenirt","","【訳語】
美術品
【用例】 【名詞】 (le)",0,0,0,""
"jerte","","【訳語】
J
【用例】 【名詞】 (de)",0,0,0,""
"jerxe","","【訳語】
眼
【用例】 【名詞】 (de)",0,0,0,""
"jilni","","【訳語】
筆箱
【用例】 【名詞】 (de)",0,0,0,""
"jolq","","【訳語】
錯覚
【用例】 【名詞】 (de)",0,0,0,""
"jor'laM","","【訳語】
虚像・嘘の事
【用例】 【名詞】 (de)",0,0,0,""
"kalr","〈名詞〉 6・六
〈形容詞〉 六番目の・六つの","【造語】 (de)新辞書移行以前",0,0,0,""
"kanam","","【訳語】
メンバー
【用例】 【名詞】 (de)",0,0,0,""
"KarK","","【訳語】
水
【用例】 【名詞】 (de)",0,0,0,""
"karon","","【訳語】
K
【用例】 【名詞】 (de)",0,0,0,""
"kasks","","【訳語】
国家
【用例】 【名詞】 (de)",0,0,0,""
"Kat","","【訳語】
嘘
【用例】 【名詞】 (de)",0,0,0,""
"kels","","【訳語】
冬
【用例】 【名詞】 (de)",0,0,0,""
"Keng","","【訳語】
傷
【用例】 【名詞】 (de)",0,0,0,""
"KeQ","","【訳語】
(声が)高い
【用例】 【名詞】 (de)",0,0,0,""
"Keste","","【訳語】
罰・代償・見返り
【用例】 【名詞】転じて「報酬」 (de)",0,0,0,""
"kilqtt","","【訳語】
法則
【用例】 【名詞】 (de)",0,0,0,""
"Kirne","","【訳語】
犬
【用例】 【名詞】 (de)",0,0,0,""
"klben","","【訳語】
炭素
【用例】 【名詞】 (de)",0,0,0,""
"klutan","","【訳語】
金額・額面
【用例】 【名詞】 (de)",0,0,0,""
"KnaKk","","【訳語】
予定
【用例】 【名詞】 (de)",0,0,0,""
"knyb","","【訳語】
首
【用例】 【名詞】 (de)",0,0,0,""
"kodon","","【訳語】
酸素
【用例】 【名詞】 (de)",0,0,0,""
"kolbens","","【訳語】
キャンバス
【用例】 【名詞】 (de)",0,0,0,""
"kolbi","","【訳語】
麻
【用例】 【名詞】 (de)",0,0,0,""
"Komitto","","【訳語】
感情
【用例】 【名詞】 (de)",0,0,0,""
"konpein","","【訳語】
物
【用例】 【名詞】 (de)",0,0,0,""
"shaud","〈名詞〉 文章・文","【語法】 散文にだけ使う。発音に注意。/スハゥド/
【造語】 (de)新辞書移行以前
【変更】 h291122 kowd ksewd  (de)
h300102 ksewd shaud (de)",0,0,0,""
"kulaM","","【訳語】
友人
【用例】 【名詞】 (de)",0,0,0,""
"kyen","","【訳語】
硬貨
【用例】 【名詞】 (le)",0,0,0,""
"Kyz","","【訳語】
限界
【用例】 【名詞】 (de)",0,0,0,""
"lame","〈名詞〉 10000・万
〈形容詞〉 万の","【造語】 (de)新辞書移行以前",0,0,0,""
"lance","","【訳語】
空
【用例】 【名詞】 (de)",0,0,0,""
"lant","〈名詞〉 3・三
〈形容詞〉 三番目の・三つの","【造語】 (de)新辞書移行以前",0,0,0,""
"laryxin","","【訳語】
槍
【用例】 【名詞】 (de)",0,0,0,""
"lazpen","","【訳語】
和音
【用例】 【名詞】 (de)",0,0,0,""
"Leins","","【訳語】
妹
【用例】 【名詞】 (de)",0,0,0,""
"Lens","","【訳語】
姉
【用例】 【名詞】 (de)",0,0,0,""
"Lenvl","","【訳語】
表
【用例】 【名詞】 (de)",0,0,0,""
"les","","【訳語】
話・命題
【用例】 【名詞】 (de)",0,0,0,""
"lesven","","【訳語】
順番・役目
【用例】 【名詞】 (de)",0,0,0,""
"Linkty","","【訳語】
リチウム
【用例】 【名詞】 (de)",0,0,0,""
"lisZelt","","【訳語】
ノート
【用例】 【名詞】 (de)",0,0,0,""
"lmur'a","","【訳語】
女性
【用例】 【名詞】 (de)",0,0,0,""
"lnsa","","【訳語】
花
【用例】 【名詞】 (de)",0,0,0,""
"loxxa","","【訳語】
年
【用例】 【名詞】 (de)",0,0,0,""
"lt","","【訳語】
記号
【用例】 【名詞】 (de)",0,0,0,""
"ltta","〈名詞〉 文字","【造語】 (de)新辞書移行以前",0,0,0,""
"lttenvel","","【訳語】
文字表
【用例】 【名詞】 (de)",0,0,0,""
"lulto","","【訳語】
L
【用例】 【名詞】 (de)",0,0,0,""
"malQ","","【訳語】
母親
【用例】 【名詞】 (de)",0,0,0,""
"meanuks","","【訳語】
言い訳
【用例】 【名詞】 (de)",0,0,0,""
"meyi","〈名詞〉 土地・領地","【造語】 (de)新辞書移行以前
【変更】 h291202 meji meyi (de)",0,0,0,""
"mekks","","【訳語】
主張
【用例】 【名詞】 (de)",0,0,0,""
"mel","","【訳語】
風邪
【用例】 【名詞】 (de)",0,0,0,""
"melonk","","【訳語】
鼻風邪
【用例】 【名詞】 (de)",0,0,0,""
"menitin","","【訳語】
マグネシウム
【用例】 【名詞】 (de)",0,0,0,""
"mesty","","【訳語】
M
【用例】 【名詞】 (de)",0,0,0,""
"meyZal","","【訳語】
リズム
【用例】 【名詞】 (de)",0,0,0,""
"mur'a","","【訳語】
男性
【用例】 【名詞】 (de)",0,0,0,""
"naycia","","【訳語】
鉄
【用例】 【名詞】 (le)",0,0,0,""
"nayuto","","【訳語】
N
【用例】 【名詞】 (de)",0,0,0,""
"Nels","","【訳語】
仮面
【用例】 【名詞】 (de)",0,0,0,""
"Neny","","【訳語】
声
【用例】 【名詞】 (de)",0,0,0,""
"nest","","【訳語】
喉
【用例】 【名詞】 (de)",0,0,0,""
"neyTa","","【訳語】
尊厳
【用例】 【名詞】 (de)",0,0,0,""
"noka","","【訳語】
林檎
【用例】 【名詞】出界に林檎はあるのか…？ (de)",0,0,0,""
"nonk","","【訳語】
鼻
【用例】 【名詞】 (de)",0,0,0,""
"qeyks","〈名詞〉 名前・銘","【造語】 (de)新辞書移行以前
【変更】 h291122 nyyks qeyks",0,0,0,""
"oln","〈名詞〉 0・ゼロ・零・虚・虚空
〈形容詞〉 初めの・虚ろな","【造語】 (de)新辞書移行以前
(de)h291126 意味付加
【注意】 元は異界由来、作者が個人的に使うための単語で源流はジャンプ漫画のBLEACHだった。後に(h291126)deにより数詞として転用された。
cf:〈併用〉 ely",0,0,0,""
"olNes","","【訳語】
虚面
【用例】 【名詞】異界由来、作者が個人的に使うための単語、源流はジャンプ漫画のBLEACH (de)",0,0,0,""
"olnin","","【訳語】
虚閃
【用例】 【名詞】異界由来、作者が個人的に使うための単語、源流はジャンプ漫画のBLEACH (de)",0,0,0,""
"olQes","","【訳語】
面質
【用例】 【名詞】異界由来、作者が個人的に使うための単語、源流はジャンプ漫画のBLEACH (de)",0,0,0,""
"olto","","【訳語】
O
【用例】 【名詞】 (de)",0,0,0,""
"onta","","【訳語】
遊び
【用例】 【名詞】 (de)",0,0,0,""
"orni","","【訳語】
未来
【用例】 【名詞】 (de)",0,0,0,""
"owiccu","","【訳語】
作者
【用例】 【名詞】 (de)",0,0,0,""
"pag","〈名詞〉 100000・十万
〈形容詞〉 十万の","【造語】 (de)新辞書移行以前",0,0,0,""
"pes","","【訳語】
白
【用例】 【名詞】 (de)",0,0,0,""
"pesto","","【訳語】
P
【用例】 【名詞】 (de)",0,0,0,""
"peyQ","","【訳語】
父親
【用例】 【名詞】 (de)",0,0,0,""
"Qa","〈名詞〉 9・九
〈形容詞〉 九番目の・九つの","【造語】 (de)新辞書移行以前",0,0,0,""
"qaksto","","【訳語】
鉄
【用例】 【名詞】 (de)",0,0,0,""
"Qanto","〈名詞〉 Q","【語法】 五つ目の未知数として使うことがある。
【造語】 (de)新辞書移行以前",0,0,0,""
"Qea","","【訳語】
間違い・ミス
【用例】 【名詞】 (de)",0,0,0,""
"Ql","〈名詞〉 2・二
〈形容詞〉 二番目の・二つの","【造語】 (de)新辞書移行以前",0,0,0,""
"raiten","〈名詞〉 愛情・愛","【造語】 (de)新辞書移行以前",0,0,0,""
"rast","","【訳語】
R
【用例】 【名詞】 (de)",0,0,0,""
"reiben","","【訳語】
(恋愛的な)好き
【用例】 【名詞】 (de)",0,0,0,""
"Renf","","【訳語】
涙
【用例】 【名詞】 (de)",0,0,0,""
"riven'agi","","【訳語】
(模範となる)人、師匠
【用例】 【名詞】 (de)",0,0,0,""
"sala","〈名詞〉 7・七
〈形容詞〉 七番目の・七つの","【造語】 (de)新辞書移行以前",0,0,0,""
"san","","【訳語】
S
【用例】 【名詞】 (de)",0,0,0,""
"sdent","","【訳語】
正解
【用例】 【名詞】 (de)",0,0,0,""
"sin","〈名詞〉 1000・千
〈形容詞〉 千の","【造語】 (de)新辞書移行以前",0,0,0,""
"sogtt","","【訳語】
負担
【用例】 【名詞】 (de)",0,0,0,""
"taylo","","【訳語】
食べられない物・非食部
【用例】 【名詞】 (de)",0,0,0,""
"teadan","","【訳語】
人格・魂
【用例】 【名詞】 (de)",0,0,0,""
"tel","","【訳語】
鏡
【用例】 【名詞】 (de)",0,0,0,""
"tems","〈名詞〉 先端
〈形容詞〉 尖った","【造語】 (de)新辞書移行以前",0,0,0,""
"tenp","","【訳語】
罠
【用例】 【名詞】 (de)",0,0,0,""
"TeQ","","【訳語】
(声が)低い
【用例】 【名詞】 (de)",0,0,0,""
"terl","","【訳語】
星
【用例】 【名詞】 (de)",0,0,0,""
"teylo","","【訳語】
食べ物・可食部
【用例】 【名詞】 (de)",0,0,0,""
"Tin","","【訳語】
夢・望むこと
【用例】 【名詞】日本語で言うと将来の夢の’夢’の用法 (de)",0,0,0,""
"tist","","【訳語】
T
【用例】 【名詞】 (de)",0,0,0,""
"tug","","【訳語】
光
【用例】 【名詞】 (de)",0,0,0,""
"twin","","【訳語】
物
【用例】 【名詞】 (de)",0,0,0,""
"ty'a","〈名詞〉 1・一・一つ
〈形容詞〉 一つの・(多くの同じものの中で)たった一つの","【造語】 (de)新辞書移行以前
【変更】 h291114 tyA ty'a (de)",0,0,0,""
"tyaqu","〈名詞〉 木・樹木・生木","【造語】 (de)新辞書移行以前
【変更】 h291215 tyAny tyaqu (de)",0,0,0,""
"tyga","","【訳語】
定規
【用例】 【名詞】 (de)",0,0,0,""
"ulto","","【訳語】
U
【用例】 【名詞】 (de)",0,0,0,""
"utykk","","【訳語】
月
【用例】 【名詞】 (de)",0,0,0,""
"valM","","【訳語】
V
【用例】 【名詞】 (de)",0,0,0,""
"valtin","","【訳語】
ベリリウム
【用例】 【名詞】 (de)",0,0,0,""
"vani","","【訳語】
前
【用例】 【名詞】 (de)",0,0,0,""
"var","〈名詞〉 5・五
〈形容詞〉 五番目の・五つの","【造語】 (de)新辞書移行以前",0,0,0,""
"vexin","","【訳語】
爆弾
【用例】 【名詞】 (de)",0,0,0,""
"vrqm","","【訳語】
文明
【用例】 【名詞】 (de)",0,0,0,""
"vuel","","【訳語】
法律
【用例】 【名詞】 (de)",0,0,0,""
"wcla","","【訳語】
青
【用例】 【名詞】 (de)",0,0,0,""
"weelin","〈名詞〉 するべきこと","【語法】 ""CgyuR weelin""で""どうしようかな”などと悩む表現。 
【造語】 (de)新辞書移行以前
cf:〈派生〉 weera",0,0,0,""
"wixa","〈名詞〉 8・八
〈形容詞〉 八番目の・八つの","【造語】 (de)新辞書移行以前",0,0,0,""
"wla","","【訳語】
W
【用例】 【名詞】 (de)",0,0,0,""
"won","〈名詞〉 覆う者
〈動詞〉 覆い尽くす・(すっぽりと)覆う","【用例】 転じて""ものをすっぽりと覆う""意。
【造語】 (de)新辞書移行以前
(de)h291214意味付加
【注意】 元は異界由来、潜界一の脅威であり、一番の友人、覆う者の訳語であった。
cf:〈似義〉 worp",0,0,0,""
"worty","","【訳語】
口
【用例】 【名詞】 (de)",0,0,0,""
"xal","","【訳語】
虎
【用例】 【名詞】 (de)",0,0,0,""
"xalin","〈名詞〉 剣","【造語】 (de)新辞書移行以前",0,0,0,""
"xanq","","【訳語】
真理・真実
【用例】 【名詞】 (de)",0,0,0,""
"xatt","","【訳語】
心・精神
【用例】 【名詞】 (de)",0,0,0,""
"xayl","","【訳語】
弓
【用例】 【名詞】 (de)",0,0,0,""
"xece","〈名詞〉 言葉・文節・ことわざ","【造語】 (de)新辞書移行以前",0,0,0,""
"xesten","","【訳語】
X
【用例】 【名詞】 (de)",0,0,0,""
"xeymuks","","【訳語】
証明
【用例】 【名詞】 (de)",0,0,0,""
"xin","","【訳語】
武器
【用例】 【名詞】 (de)",0,0,0,""
"xinian","","【訳語】
武器職人
【用例】 【名詞】 (de)",0,0,0,""
"xonks","","【訳語】
存在
【用例】 【名詞】xoqksと同義 (de)",0,0,0,""
"xoqks","〈名詞〉 存在","【語法】 名詞としてのTon
【造語】 (de)新辞書移行以前
cf:〈派生〉 Ton",0,0,0,""
"xyys","","【訳語】
呪い
【用例】 【名詞】 (de)",0,0,0,""
"yai","","【訳語】
目・眼
【用例】 【名詞】 (de)",0,0,0,""
"yalto","","【訳語】
Y
【用例】 【名詞】 (de)",0,0,0,""
"yeljetto","","【訳語】
夏
【用例】 【名詞】 (de)",0,0,0,""
"yente","","【訳語】
机
【用例】 【名詞】 (de)",0,0,0,""
"yiv","","【訳語】
準備
【用例】 【名詞】 (de)",0,0,0,""
"Za","〈名詞〉 10・十
〈形容詞〉 十番目の・十の","【造語】 (de)新辞書移行以前",0,0,0,""
"Zark","","【訳語】
辞典
【用例】 【名詞】 (de)",0,0,0,""
"zel","〈名詞〉 Z
〈代名詞〉 二番目・二等","【造語】 (de)新辞書移行以前",0,0,0,""
"Zenstin","","【訳語】
事実・真実
【用例】 【名詞】 (de)",0,0,0,""
"Zeva","","【訳語】
町
【用例】 【名詞】 (de)",0,0,0,""
"zey","〈名詞〉 恨む・忌む","【造語】 (de)新辞書移行以前",0,0,0,""
"zykac","〈名詞〉 発音線","【造語】 (de)新辞書移行以前",0,0,0,""
"akku","〈副詞〉 過去に
〈名詞〉 過去・経験","【語法】 単純に過去であることを、動詞のiqと同時に文末にて示す。
【造語】 (de)新辞書移行以前
cf:〈併用〉 iq",0,0,0,""
"ebul","","【訳語】
毎日
【用例】 【時制詞】品詞不確定 (de)",0,0,0,""
"illa","","【訳語】
未来
【用例】 【時制詞】後で、この後にとも訳す。 (de)",0,0,0,""
"jar","","【訳語】
いつかの・いつかに
【用例】 【時制詞】遠いと言える未来を指す。 (de)",0,0,0,""
"jorTikk","","【訳語】
初めて
【用例】 【時制詞】 (le)",0,0,0,""
"kni","","【訳語】
～日前
【用例】 【時制詞】1kniで一日前 (de)",0,0,0,""
"kxe","","【訳語】
～日後
【用例】 【時制詞】1kxeで一日後 (de)",0,0,0,""
"sRlen","","【訳語】
そろそろ・遠くなく
【用例】 【時制詞】そこそこ近い未来を指す。 (de)",0,0,0,""
"tleks","","【訳語】
明日
【用例】 【時制詞】 (le)",0,0,0,""
"tliakks","","【訳語】
明日
【用例】 【時制詞】未来の一日後のこと、とても近い未来の事もさす。 (de)",0,0,0,""
"ty'akks","〈副詞〉 昨日に","【語法】 特に昨日の日中を指す場合が多い。近い過去の事を指すこともある。
【造語】 (de)新辞書移行以前",0,0,0,""
"wis","","【訳語】
今
【用例】 【時制詞】現在進行形の文で使用する。 (de)",0,0,0,""
"yekk","","【訳語】
あの日・その時
【用例】 【時制詞】 (de)",0,0,0,""
"efmy","","【用例】 【】 (tl)",0,0,0,""
"iderni","","【用例】 【】 (tl)",0,0,0,""
"neyva","","【用例】 【】 (tl)",0,0,0,""
"owvos","","【用例】 【】 (tl)",0,0,0,""
"tikk","","【用例】 【】 (tl)",0,0,0,""
"yerve","","【用例】 【】 (tl)",0,0,0,""
"font","","【訳語】
到着する・到達する
【用例】 【動詞】 (de)",0,0,0,""
"segta","","【訳語】
強大な
【用例】 【形容詞】古語由来 (de)",0,0,0,""
"Cilon","〈動詞〉 滅ぼす・抹消する","【語法】 転じて「完璧に掃除する」
【造語】 (de)新辞書移行以前",0,0,0,""
"forett","","【訳語】
豊かな・富める・繁栄した
【用例】 【形容詞】 (de)",0,0,0,""
"Ceyka","〈動詞〉 建てる・建築する","【造語】 (de)新辞書移行以前",0,0,0,""
"alley","〈名詞〉 ネズミ・鼠","【語法】 出界には騎乗できるほどに大型化したげっ歯類がいる。文脈によってはそちらを指し、必ずしも小さいイメージはない。
【造語】 (de)h291102",0,0,0,""
"mea","〈名詞〉 ウマ・馬","【語法】 騎乗される動物全般を指すが、砂漠地帯では出界固有種の”オオネズミを指す場合が多い。”
【造語】 (de)h291102",0,0,0,""
"haRo","〈接続詞〉 ～と～る・that
〈代名詞〉 関係代名詞","【造語】 (de)新辞書移行以前
【変更】 291104 haRzi haRo (de)",0,0,0,""
"yuri","〈名詞〉 布","【造語】 (de)h291104",0,0,0,""
"enicia","〈名詞〉 窓
〈動詞〉 窓を設ける","【造語】 (de)h291104",0,0,0,""
"Cie","〈名詞〉 部屋","【語法】 建物の一角、壁に囲まれた場所。漠然とした仕切りや、柵で囲まれたところは意味しない。
【造語】 (de)h291104",0,0,0,""
"tia","〈前置詞〉 ～の・of・所属・～内
〈動詞〉 ～に所属する・~中にある","【造語】 (de)h291104",0,0,0,""
"worp","〈動詞〉 覆う・庇護する・保護する・隠す","【語法】 wonと同根であるが、wonが”すっぽりと被さり覆い尽くす”イメージなのに対し、こちらは”布などをかけて緩く覆う”イメージ。
【造語】 (de)h291104
cf:〈似義〉 won",0,0,0,""
"aber","〈動詞〉 笑う・嘲る","【語法】 発音に注意、”アベーフ”と最後にjが附く。(なぜZpdicにはIPAが表示できないんだ)
【造語】 (de)h291104",0,0,0,""
"suel","〈名詞〉 隙間・隙","【造語】 (de)h291104",0,0,0,""
"albe","〈前置詞〉 ～程の・about","【語法】 about、程度を示す。
【造語】 (de)h291104",0,0,0,""
"Reus","〈疑問詞〉 特定を問う・どれ・どの","【語法】 複数あるものから目的のものを問う
【造語】 (de)h291104",0,0,0,""
"xaenk","〈動詞〉 介入する・手を出す・口出す","【造語】 (de)h291104",0,0,0,""
"yenk","〈代名詞〉 奴・あいつ・あんにゃろ","【語法】 larが単に三人称なのに対し、こちらは敵対をはらんでいる。
【造語】 (de)h291104
cf:〈似義〉 lar",0,0,0,""
"yula","〈形容詞〉 透明な","【造語】 (de)h291109",0,0,0,""
"siatia","〈形容詞〉 煙い","【造語】 (de)h291109",0,0,0,""
"siatto","〈名詞〉 煙","【造語】 (de)h291109",0,0,0,""
"iprii","〈動詞〉 鳴く","【造語】 (de)h291109",0,0,0,""
"aklenz","〈動詞〉 感染する","【造語】 (de)h291109",0,0,0,""
"yeinad","〈動詞〉 捉える","【造語】 (de)h291109",0,0,0,""
"siataa","〈動詞〉 立ち尽くす・立ちすくむ・ひるむ","【造語】 (de)h291109",0,0,0,""
"sianti","〈動詞〉 立つ","【造語】 (de)291109",0,0,0,""
"alrey","〈形容詞〉 汚れた","【造語】 (de)h291109",0,0,0,""
"alrtai","〈動詞〉 薄汚れた","【造語】 (de)h291109",0,0,0,""
"yurkeim","〈動詞〉 のたうつ","【造語】 (de)h291109",0,0,0,""
"akii","〈名詞〉 表情
〈接尾辞〉 ～な顔","【語法】 形容詞ないし名詞につけて、”～のような顔をした”という意味の形容詞、もしくは”～のような顔をして”との副詞とする。
また、単独で用いて”表情”ともする。
【造語】 (de)h291109",0,0,0,""
"ed","〈接尾辞〉 ～て～・連用","【造語】 (de)h291109",0,0,0,""
"ek'a","〈名詞〉 壁","【語法】 部屋の壁。建物の外壁や、障害物として野外に設けられたものは指さない。
【造語】 (de)h291109",0,0,0,""
"siok","〈名詞〉 端・隅
〈動詞〉 隅に追いやる・追い詰める
〈前置詞〉 ～のすみ・～の際","【造語】 (de)h291109",0,0,0,""
"meisaa","〈名詞〉 足元・たもと
〈副詞〉 足元に","【造語】 (de)h291110",0,0,0,""
"eisaa","〈名詞〉 足","【語法】 cerkは股より下を指し、こちらは踝より下を指す
【造語】 (de)h291110",0,0,0,""
"mi","〈前置詞〉 ～のたもと","【造語】 (de)h291110",0,0,0,""
"piw","〈接尾辞〉 ～した・動詞状態","【語法】 動詞に後置し形容詞化する。jirとの違いは役に現れ、""yuta wog-jir""は「動くような何か」と訳され、""yuta wog-piw""は”動く何か(動いている)”と訳される。
【造語】 (de)h291111",0,0,0,""
"qio","〈動詞〉 ある・存在する・いる・在る","【語法】 他動詞として用い、”何々に何々がある”事を示す。
【造語】 (de)h291111",0,0,0,""
"fiexx","〈動詞〉 ～とみられる","【造語】 (de)h291113",0,0,0,""
"oRq","〈形容詞〉 孤独な","【造語】 (de)h291113",0,0,0,""
"siatip","〈副詞〉 傘下にある・庇護下の
〈名詞〉 傘下のもの・庇護下のもの・部下","【造語】 (de)h291113",0,0,0,""
"xik","〈動詞〉 似合う
〈形容詞〉 似合った・見合った","【語法】 xykと同音だが、大して意味が変わらないので問題ない。
【造語】 (de)h291113",0,0,0,""
"Kil","〈前置詞〉 ～毎に・～する度に","【造語】 (de)h291114",0,0,0,""
"Zua","〈単位〉 ～歩","【造語】 (de)h291114",0,0,0,""
"iyenmi","〈動詞〉 息をつく・休憩する・ほっとする","【造語】 (de)h291114",0,0,0,""
"kor'ey","〈動詞〉 進む・進軍する","【造語】 (de)h291114",0,0,0,""
"Ceiti","〈形容詞〉 簡単な","【造語】 (de)h291114",0,0,0,""
"p'eria","〈名詞〉 床","【語法】 出国には家の中で靴を脱ぐ文化がある、が、日本と同じく公共施設では一般脱がない。これは脱ぐ方、主に家などの床を指す。
【造語】 (de)h291114",0,0,0,""
"bale","〈文頭詞〉 きっと","【造語】 (de)h291114",0,0,0,""
"ol","〈接尾辞〉 ～でしょう・～ですよね・形容の尊敬","【語法】 形容詞に後置し、その被修飾者を持ち上げる。～でらっしゃる
【造語】 (de)h291114",0,0,0,""
"of","〈接尾辞〉 ～用の・目的","【語法】 動詞に後置し形容詞を成し、”動詞するが為の～”とする。名詞に後置すると捧げる意味、”名詞の為の～”。形容詞、副詞その他の機能語には付かない。
【造語】 (de)h291202",0,0,0,""
"zipp","〈名詞〉 1000000・百万
〈形容詞〉 百万の","【造語】 (de)h291211",0,0,0,""
"fipp","〈名詞〉 10000000・千万
〈形容詞〉 千万の","【造語】 (de)h291211",0,0,0,""
"sipp","〈名詞〉 100000000・億
〈形容詞〉 一億の","【造語】 (de)h291211",0,0,0,""
"lapp","〈名詞〉 1000000000・十億
〈形容詞〉 十億の","【造語】 (de)h291211",0,0,0,""
"papa","〈名詞〉 10000000000・百億
〈形容詞〉 百億の","【造語】 (de)h291211",0,0,0,""
"ria","〈名詞〉 0.01・一厘","【造語】 (de)h291211",0,0,0,""
"Te","〈名詞〉 0.1・一分","【造語】 (de)h291211",0,0,0,""
"mie","〈名詞〉 0.01・一毛","【造語】 (de)h291211",0,0,0,""
"jie","〈名詞〉 0.0001・一糸","【造語】 (de)h291211",0,0,0,""
"teye","〈名詞〉 0.00001・一忽","【造語】 (de)h291211",0,0,0,""
"mixx","〈名詞〉 0.000001・微","【造語】 (de)h291211",0,0,0,""
"miTe","〈名詞〉 0.0000001・一繊","【造語】 (de)h291211",0,0,0,""
"miria","〈名詞〉 0.00000001・一沙","【造語】 (de)h291211",0,0,0,""
"mime","〈名詞〉 0.000000001・一塵","【造語】 (de)h291211",0,0,0,""
"mije","〈名詞〉 0.0000000001・一挨","【造語】 (de)h291211",0,0,0,""
"miye","〈名詞〉 0.00000000001・一測","【造語】 (de)h291211",0,0,0,""
"tuk","〈動詞〉 転がる","【造語】 (de)h291214",0,0,0,""
"uens","〈名詞〉 外側・見知らぬところ","【語法】 崩れ、wensと発音することがある。
【造語】 (de)h291214",0,0,0,""
"ok","〈接尾辞〉 ～ている・普段
〈接尾辞〉 ～ている・継続","【語法】 動詞に後置する。普段から～を習慣としてやっている。
二つ目の意味なら、瞬間を起点とする動詞に於いて、その結果が続いていること。例""Zofkok"",「わかっている・知っている」
【造語】 (de)h291214",0,0,0,""
"myeise","〈副詞〉 無視して・気にせずに","【造語】 (de)h291215",0,0,0,""
"ukRe","〈動詞〉 逃げる・逃走する","【造語】 (de)h291215",0,0,0,""
"luen","〈文頭詞〉 たぶん・恐らく・推量","【造語】 (de)h291215",0,0,0,""
"hae","〈動詞〉 居る・居座る・(じっと)留まる","【語法】 自動詞として、意図的にそこに居るという意に使う。
【造語】 (de)h291215",0,0,0,""
"deytam","〈動詞〉 喜ぶ","【語法】 略され""dey""となることもある。
【造語】 (de)h291215
cf:〈同義〉 dey
cf:〈派生〉 deyny",0,0,0,""
"dey","〈動詞〉 喜ぶ
〈感嘆詞〉 やったぜ
〈形容詞〉 喜ばしき・うれしい","【造語】 (de)h29115
cf:〈派生〉 deytam",0,0,0,""
"wio","〈形容詞〉 沢山の","【造語】 (de)h291215",0,0,0,""
"wiot","〈副詞〉 沢山に・たっぷり","【造語】 (de)h291215",0,0,0,""
"swonk","〈動詞〉 信じる・信用する","【造語】 (de)h291215",0,0,0,""
"or","〈接尾辞〉 ～だろう・予想未来","【語法】 予想される、～となるであろう(するであろう)。
【造語】 (de)h281215
cf:〈似義〉 uxxe",0,0,0,""
"Qaise","〈代名詞〉 誰も・ただ一人として～ない","【語法】 -eaを伴って、”誰も～しない”を示す。
【造語】 (de)h291216
cf:〈併用〉 ea",0,0,0,""
"onea","〈形容詞〉 出来ない・不可能な","【造語】 (de)h291216
cf:〈派生〉 on, ea",0,0,0,""
"myjot","〈副詞〉 本気で・真剣に・冗談でなく","【造語】 (le)h291216",0,0,0,""
"ZofKo","〈動詞〉 判別する・見つける・分かる","【語法】 物質的なものには使わない。吟味し、結果を出す。
【造語】 (le)h291216
cf:〈似義〉 Zofte",0,0,0,""
"aj","〈接尾辞〉 ～事・動名詞","【語法】 -inkは動形容詞として使うが、こちらは修飾語になれない。
【造語】 (le)h291216
cf:〈似義〉 ink",0,0,0,""
"grus","〈動詞〉 奪う・強奪する","【造語】 (le)h291216",0,0,0,""
"ed'ano","〈名詞〉 力・暴力","【造語】 (le)h291218",0,0,0,""
"sites","〈動詞〉 いなくなる・去る","【造語】 (le)h291218",0,0,0,""
"Ken","〈前置詞〉 ～して・～と・理由","【語法】 ”V1 O Ken V2-ink”で”OをV2ってV1する”を示す。この場合のV2には理由・前提の意味がある。
例""kyla Keng pay we Ken fog-ing ""lo kyla"" .""
　「あなたはいつも”あなたの為”と言って私を傷つける。」
【造語】 (le)h291218",0,0,0,""
"tein","〈感嘆詞〉 だめ・駄目だ・やめろ","【造語】 (le)h29118",0,0,0,""
"pay","〈副詞〉 いつも・しょっちゅう","【造語】 (le)h291218",0,0,0,""
"danbi","〈動詞〉 逆らう・反目する","【訳語】
(le)h291218",0,0,0,""
"tuel","〈動詞〉 嫌う","【造語】 (le)h291218",0,0,0,""
"an","〈接尾辞〉 ～しろ・命令","【語法】 動詞に後置して～しろという強制・指示の意思を表す。
こちらは語末がaで終わる動詞を命令形となすときに使う。ただし、ほんの少しだけ指示的な意味合いが強い。
【造語】 (le)h291218",0,0,0,""
"suoh","〈動詞〉 止める・やめる","【造語】 (le)h291218",0,0,0,""
"befise","〈動詞〉 嫌になる・音を上げる・あきらめる","【造語】 (le)h291218",0,0,0,""
"alke","〈動詞〉 落とす","【語法】 わざと落とす場合をいう。
【造語】 (le)h291218",0,0,0,""
"Diko","〈動詞〉 叩く・殴打する","【造語】 (le)h281218",0,0,0,""
"yit","〈後置詞〉 ～などと","【語法】 非限定の意味を示す。
【造語】 (le)h291218",0,0,0,""
"eq'anu","〈接続詞〉 ～ならば","【語法】 pniaCq.もしくはbeyと共に用い、”もし～ならば、～”の”ならば”を示す。
【造語】 (le)h291218
cf:〈併用〉 pniaCa, bey",0,0,0,""
"ilyan","〈副詞〉 今更に","【造語】 (le)h291218",0,0,0,""
"Satis","〈動詞〉 耐える","【造語】 (le)h291223",0,0,0,""
"fuo","〈動詞〉 聞く","【語法】 話、言を聞き、解する。
【造語】 (le)h291223",0,0,0,""
"aCown","〈動詞〉 廃る","【造語】 (le)h291223
cf:〈派生〉 aCowi'r",0,0,0,""
"aCowi'r","〈形容詞〉 廃れた","【造語】 (le)h291223
cf:〈派生〉 aCown",0,0,0,""
"yezqi","〈代名詞〉 そんな
〈形容詞〉 そのような
〈副詞〉 そんなに","【造語】 (le)h291223
cf:〈似義〉 asse",0,0,0,""
"fwel","〈動詞〉 聞かれる・聞いてもらう","【語法】 fuoの受身。
【造語】 (le)h291224",0,0,0,""
"hwote","〈動詞〉 叫ぶ","【造語】 (le)h291224",0,0,0,""
"qye","〈名詞〉 方角・方向","【造語】 (le)h291224",0,0,0,""
"two","〈動詞〉 する・行う・Do","【造語】 (le)h291224
色々と要検証
cf:〈似義〉 weera",0,0,0,""
"oRo","〈動詞〉 行く・行軍する・往く","【造語】 (le)291224",0,0,0,""
"kelqye","〈名詞〉 冬","【造語】 (le)h291224",0,0,0,""
"kaws","〈副詞〉 速く","【造語】 (de)h291228",0,0,0,""
"xale","〈動詞〉 斬る","【造語】 (de)h300106",0,0,0,""
"moa","〈名詞〉 事・抽象的なもの","【語法】 抽象的な意味での”事”をさす。英単語のthingから実体的な物の意味を抜いた感じ。
【造語】 (de)h300116",0,0,0,""
"kyar","〈接尾辞〉 ～あなたの・二人称属格","【造語】 (de)h300116",0,0,0,""
"Diwemo","〈動詞〉 刺す・(悪意を以って生物に)刃物で刺す","【造語】 (de)h300116",0,0,0,""
"skrt","〈名詞〉 舌・口","【語法】 調声にかかわる顔の部位のこと。
【造語】 (de)h300116",0,0,0,""
"vel","〈名詞〉 帽子・ヘルメット・装頭具","【造語】 (de)h300116",0,0,0,""
"skr'ro","〈動詞〉 黙る・口を閉じる","【訳語】
(de)h300116",0,0,0,""
"wo","〈接尾辞〉 ～させる・他動詞化","【造語】 (de)h300116",0,0,0,""
